id,text,current_label,suggested_label,rule,relabel_to
servicenow_ticket_triage-2,Sales laptop webcam missing from device manager.. Sales laptop webcam missing from device manager. Reported by Angel from Warehouse.,Laptop / Endpoint,Printers & Devices,webcam-pd,""
servicenow_ticket_triage-5,Spam burst hit shared support inbox this morning.. Spam burst hit shared support inbox this morning. Reported by Jill from Operations.,Email & Collaboration,Security,spam-security,""
servicenow_ticket_triage-9,Teams meeting room camera flickers after restart.. Teams meeting room camera flickers after restart. Reported by Robert from Operations.,Email & Collaboration,Printers & Devices,teams-camera-pd,""
servicenow_ticket_triage-11,Docking station no longer drives dual monitors.. Docking station no longer drives dual monitors. Reported by Jeffery from HR.,Laptop / Endpoint,Printers & Devices,docking-pd,""
servicenow_ticket_triage-14,MFA push not arriving on replacement phone.. MFA push not arriving on replacement phone. Reported by James from Finance.,Access Management,Security,mfa-security,""
servicenow_ticket_triage-53,Spam burst hit shared support inbox this morning.. Spam burst hit shared support inbox this morning. Reported by Joseph from Sales.,Email & Collaboration,Security,spam-security,""
servicenow_ticket_triage-63,Sales laptop webcam missing from device manager.. Sales laptop webcam missing from device manager. Reported by Angela from Warehouse.,Laptop / Endpoint,Printers & Devices,webcam-pd,""
servicenow_ticket_triage-68,Spam burst hit shared support inbox this morning.. Spam burst hit shared support inbox this morning. Reported by Antonio from Finance.,Email & Collaboration,Security,spam-security,""
servicenow_ticket_triage-83,Docking station no longer drives dual monitors.. Docking station no longer drives dual monitors. Reported by Brenda from Sales.,Laptop / Endpoint,Printers & Devices,docking-pd,""
servicenow_ticket_triage-88,Docking station no longer drives dual monitors.. Docking station no longer drives dual monitors. Reported by William from Warehouse.,Laptop / Endpoint,Printers & Devices,docking-pd,""
servicenow_ticket_triage-93,MFA push not arriving on replacement phone.. MFA push not arriving on replacement phone. Reported by Laura from Warehouse.,Access Management,Security,mfa-security,""
servicenow_ticket_triage-98,New contractor needs temporary access to WMS.. New contractor needs temporary access to WMS. Reported by Allison from Sales.,Access Management,ERP / WMS,wms-access-erp,""
servicenow_ticket_triage-111,Spam burst hit shared support inbox this morning.. Spam burst hit shared support inbox this morning. Reported by Nancy from Operations.,Email & Collaboration,Security,spam-security,""
servicenow_ticket_triage-119,MFA push not arriving on replacement phone.. MFA push not arriving on replacement phone. Reported by Chelsea from Operations.,Access Management,Security,mfa-security,""
servicenow_ticket_triage-122,MFA push not arriving on replacement phone.. MFA push not arriving on replacement phone. Reported by Amber from Warehouse.,Access Management,Security,mfa-security,""
servicenow_ticket_triage-123,Docking station no longer drives dual monitors.. Docking station no longer drives dual monitors. Reported by Kimberly from Operations.,Laptop / Endpoint,Printers & Devices,docking-pd,""
servicenow_ticket_triage-131,Teams meeting room camera flickers after restart.. Teams meeting room camera flickers after restart. Reported by Kyle from HR.,Email & Collaboration,Printers & Devices,teams-camera-pd,""
servicenow_ticket_triage-144,Docking station no longer drives dual monitors.. Docking station no longer drives dual monitors. Reported by Monique from Sales.,Laptop / Endpoint,Printers & Devices,docking-pd,""
servicenow_ticket_triage-154,Teams meeting room camera flickers after restart.. Teams meeting room camera flickers after restart. Reported by Zachary from Warehouse.,Email & Collaboration,Printers & Devices,teams-camera-pd,""
servicenow_ticket_triage-159,MFA push not arriving on replacement phone.. MFA push not arriving on replacement phone. Reported by Jerry from Operations.,Access Management,Security,mfa-security,""
servicenow_ticket_triage-175,New contractor needs temporary access to WMS.. New contractor needs temporary access to WMS. Reported by Lindsey from Warehouse.,Access Management,ERP / WMS,wms-access-erp,""
servicenow_ticket_triage-192,Docking station no longer drives dual monitors.. Docking station no longer drives dual monitors. Reported by Joshua from Sales.,Laptop / Endpoint,Printers & Devices,docking-pd,""
servicenow_ticket_triage-194,Sales laptop webcam missing from device manager.. Sales laptop webcam missing from device manager. Reported by Sandra from Operations.,Laptop / Endpoint,Printers & Devices,webcam-pd,""
servicenow_ticket_triage-195,New contractor needs temporary access to WMS.. New contractor needs temporary access to WMS. Reported by Scott from Sales.,Access Management,ERP / WMS,wms-access-erp,""
servicenow_ticket_triage-216,Teams meeting room camera flickers after restart.. Teams meeting room camera flickers after restart. Reported by Wendy from Operations.,Email & Collaboration,Printers & Devices,teams-camera-pd,""
servicenow_ticket_triage-219,New contractor needs temporary access to WMS.. New contractor needs temporary access to WMS. Reported by Eric from Sales.,Access Management,ERP / WMS,wms-access-erp,""
servicenow_ticket_triage-228,User cannot map shared drive from new laptop.. User cannot map shared drive from new laptop. Reported by Melissa from Operations.,Laptop / Endpoint,Network & VPN,shared-drive-network,""
servicenow_ticket_triage-247,Spam burst hit shared support inbox this morning.. Spam burst hit shared support inbox this morning. Reported by John from Finance.,Email & Collaboration,Security,spam-security,""
servicenow_ticket_triage-253,MFA push not arriving on replacement phone.. MFA push not arriving on replacement phone. Reported by Charles from Finance.,Access Management,Security,mfa-security,""
servicenow_ticket_triage-254,New contractor needs temporary access to WMS.. New contractor needs temporary access to WMS. Reported by Stephen from HR.,Access Management,ERP / WMS,wms-access-erp,""
servicenow_ticket_triage-257,Sales laptop webcam missing from device manager.. Sales laptop webcam missing from device manager. Reported by Charles from HR.,Laptop / Endpoint,Printers & Devices,webcam-pd,""
servicenow_ticket_triage-259,Spam burst hit shared support inbox this morning.. Spam burst hit shared support inbox this morning. Reported by Joseph from Warehouse.,Email & Collaboration,Security,spam-security,""
servicenow_ticket_triage-264,Spam burst hit shared support inbox this morning.. Spam burst hit shared support inbox this morning. Reported by Eric from Operations.,Email & Collaboration,Security,spam-security,""
servicenow_ticket_triage-267,Teams meeting room camera flickers after restart.. Teams meeting room camera flickers after restart. Reported by Cheryl from Sales.,Email & Collaboration,Printers & Devices,teams-camera-pd,""
servicenow_ticket_triage-300,New contractor needs temporary access to WMS.. New contractor needs temporary access to WMS. Reported by Nicole from Finance.,Access Management,ERP / WMS,wms-access-erp,""
servicenow_ticket_triage-308,Docking station no longer drives dual monitors.. Docking station no longer drives dual monitors. Reported by Rachel from Finance.,Laptop / Endpoint,Printers & Devices,docking-pd,""
servicenow_ticket_triage-309,MFA push not arriving on replacement phone.. MFA push not arriving on replacement phone. Reported by Laura from Sales.,Access Management,Security,mfa-security,""
servicenow_ticket_triage-310,Docking station no longer drives dual monitors.. Docking station no longer drives dual monitors. Reported by Michelle from Warehouse.,Laptop / Endpoint,Printers & Devices,docking-pd,""
servicenow_ticket_triage-316,Spam burst hit shared support inbox this morning.. Spam burst hit shared support inbox this morning. Reported by Nicole from Finance.,Email & Collaboration,Security,spam-security,""
servicenow_ticket_triage-335,Docking station no longer drives dual monitors.. Docking station no longer drives dual monitors. Reported by Monica from HR.,Laptop / Endpoint,Printers & Devices,docking-pd,""
servicenow_ticket_triage-336,Teams meeting room camera flickers after restart.. Teams meeting room camera flickers after restart. Reported by Michele from Warehouse.,Email & Collaboration,Printers & Devices,teams-camera-pd,""
servicenow_ticket_triage-338,Spam burst hit shared support inbox this morning.. Spam burst hit shared support inbox this morning. Reported by Lisa from Operations.,Email & Collaboration,Security,spam-security,""
servicenow_ticket_triage-357,New contractor needs temporary access to WMS.. New contractor needs temporary access to WMS. Reported by Sydney from HR.,Access Management,ERP / WMS,wms-access-erp,""
servicenow_ticket_triage-359,Spam burst hit shared support inbox this morning.. Spam burst hit shared support inbox this morning. Reported by Daniel from HR.,Email & Collaboration,Security,spam-security,""
servicenow_ticket_triage-362,Teams meeting room camera flickers after restart.. Teams meeting room camera flickers after restart. Reported by Lee from Sales.,Email & Collaboration,Printers & Devices,teams-camera-pd,""
servicenow_ticket_triage-363,Docking station no longer drives dual monitors.. Docking station no longer drives dual monitors. Reported by Catherine from Sales.,Laptop / Endpoint,Printers & Devices,docking-pd,""
servicenow_ticket_triage-407,Teams meeting room camera flickers after restart.. Teams meeting room camera flickers after restart. Reported by Christopher from Sales.,Email & Collaboration,Printers & Devices,teams-camera-pd,""
servicenow_ticket_triage-428,Sales laptop webcam missing from device manager.. Sales laptop webcam missing from device manager. Reported by Adam from HR.,Laptop / Endpoint,Printers & Devices,webcam-pd,""
servicenow_ticket_triage-429,MFA push not arriving on replacement phone.. MFA push not arriving on replacement phone. Reported by Karen from Operations.,Access Management,Security,mfa-security,""
servicenow_ticket_triage-433,User cannot map shared drive from new laptop.. User cannot map shared drive from new laptop. Reported by Gregory from Finance.,Laptop / Endpoint,Network & VPN,shared-drive-network,""
servicenow_ticket_triage-434,Spam burst hit shared support inbox this morning.. Spam burst hit shared support inbox this morning. Reported by Susan from Operations.,Email & Collaboration,Security,spam-security,""
servicenow_ticket_triage-455,Teams meeting room camera flickers after restart.. Teams meeting room camera flickers after restart. Reported by John from HR.,Email & Collaboration,Printers & Devices,teams-camera-pd,""
servicenow_ticket_triage-464,Teams meeting room camera flickers after restart.. Teams meeting room camera flickers after restart. Reported by Luis from HR.,Email & Collaboration,Printers & Devices,teams-camera-pd,""
servicenow_ticket_triage-468,New contractor needs temporary access to WMS.. New contractor needs temporary access to WMS. Reported by Heather from Operations.,Access Management,ERP / WMS,wms-access-erp,""
servicenow_ticket_triage-490,MFA push not arriving on replacement phone.. MFA push not arriving on replacement phone. Reported by Carrie from Warehouse.,Access Management,Security,mfa-security,""
servicenow_ticket_triage-522,MFA push not arriving on replacement phone.. MFA push not arriving on replacement phone. Reported by Michael from Warehouse.,Access Management,Security,mfa-security,""
servicenow_ticket_triage-534,Spam burst hit shared support inbox this morning.. Spam burst hit shared support inbox this morning. Reported by Jeffery from Sales.,Email & Collaboration,Security,spam-security,""
servicenow_ticket_triage-555,MFA push not arriving on replacement phone.. MFA push not arriving on replacement phone. Reported by Melissa from Sales.,Access Management,Security,mfa-security,""
servicenow_ticket_triage-560,MFA push not arriving on replacement phone.. MFA push not arriving on replacement phone. Reported by Michael from HR.,Access Management,Security,mfa-security,""
servicenow_ticket_triage-566,Docking station no longer drives dual monitors.. Docking station no longer drives dual monitors. Reported by Lynn from Warehouse.,Laptop / Endpoint,Printers & Devices,docking-pd,""
servicenow_ticket_triage-570,Teams meeting room camera flickers after restart.. Teams meeting room camera flickers after restart. Reported by Maria from HR.,Email & Collaboration,Printers & Devices,teams-camera-pd,""
servicenow_ticket_triage-573,New contractor needs temporary access to WMS.. New contractor needs temporary access to WMS. Reported by Jessica from Operations.,Access Management,ERP / WMS,wms-access-erp,""
servicenow_ticket_triage-589,Docking station no longer drives dual monitors.. Docking station no longer drives dual monitors. Reported by Nicholas from HR.,Laptop / Endpoint,Printers & Devices,docking-pd,""
servicenow_ticket_triage-601,Docking station no longer drives dual monitors.. Docking station no longer drives dual monitors. Reported by Christopher from Finance.,Laptop / Endpoint,Printers & Devices,docking-pd,""
servicenow_ticket_triage-608,Sales laptop webcam missing from device manager.. Sales laptop webcam missing from device manager. Reported by Laura from HR.,Laptop / Endpoint,Printers & Devices,webcam-pd,""
servicenow_ticket_triage-618,MFA push not arriving on replacement phone.. MFA push not arriving on replacement phone. Reported by Mark from Sales.,Access Management,Security,mfa-security,""
servicenow_ticket_triage-636,Docking station no longer drives dual monitors.. Docking station no longer drives dual monitors. Reported by Jeremy from Warehouse.,Laptop / Endpoint,Printers & Devices,docking-pd,""
servicenow_ticket_triage-646,Sales laptop webcam missing from device manager.. Sales laptop webcam missing from device manager. Reported by Travis from HR.,Laptop / Endpoint,Printers & Devices,webcam-pd,""
servicenow_ticket_triage-656,Sales laptop webcam missing from device manager.. Sales laptop webcam missing from device manager. Reported by Richard from HR.,Laptop / Endpoint,Printers & Devices,webcam-pd,""
servicenow_ticket_triage-658,Sales laptop webcam missing from device manager.. Sales laptop webcam missing from device manager. Reported by Crystal from Finance.,Laptop / Endpoint,Printers & Devices,webcam-pd,""
servicenow_ticket_triage-664,Sales laptop webcam missing from device manager.. Sales laptop webcam missing from device manager. Reported by David from Sales.,Laptop / Endpoint,Printers & Devices,webcam-pd,""
servicenow_ticket_triage-676,User cannot map shared drive from new laptop.. User cannot map shared drive from new laptop. Reported by Chelsea from Warehouse.,Laptop / Endpoint,Network & VPN,shared-drive-network,""
servicenow_ticket_triage-690,Spam burst hit shared support inbox this morning.. Spam burst hit shared support inbox this morning. Reported by Jasmine from HR.,Email & Collaboration,Security,spam-security,""
servicenow_ticket_triage-698,New contractor needs temporary access to WMS.. New contractor needs temporary access to WMS. Reported by Sarah from Finance.,Access Management,ERP / WMS,wms-access-erp,""
servicenow_ticket_triage-711,MFA push not arriving on replacement phone.. MFA push not arriving on replacement phone. Reported by Haley from HR.,Access Management,Security,mfa-security,""
servicenow_ticket_triage-720,Sales laptop webcam missing from device manager.. Sales laptop webcam missing from device manager. Reported by John from Finance.,Laptop / Endpoint,Printers & Devices,webcam-pd,""
servicenow_ticket_triage-751,Teams meeting room camera flickers after restart.. Teams meeting room camera flickers after restart. Reported by Marcus from Sales.,Email & Collaboration,Printers & Devices,teams-camera-pd,""
servicenow_ticket_triage-753,MFA push not arriving on replacement phone.. MFA push not arriving on replacement phone. Reported by Richard from Finance.,Access Management,Security,mfa-security,""
servicenow_ticket_triage-758,Teams meeting room camera flickers after restart.. Teams meeting room camera flickers after restart. Reported by Robert from Operations.,Email & Collaboration,Printers & Devices,teams-camera-pd,""
servicenow_ticket_triage-773,Sales laptop webcam missing from device manager.. Sales laptop webcam missing from device manager. Reported by Eric from Sales.,Laptop / Endpoint,Printers & Devices,webcam-pd,""
servicenow_ticket_triage-779,New contractor needs temporary access to WMS.. New contractor needs temporary access to WMS. Reported by Steven from Finance.,Access Management,ERP / WMS,wms-access-erp,""
servicenow_ticket_triage-786,MFA push not arriving on replacement phone.. MFA push not arriving on replacement phone. Reported by Mary from Operations.,Access Management,Security,mfa-security,""
servicenow_ticket_triage-809,Sales laptop webcam missing from device manager.. Sales laptop webcam missing from device manager. Reported by Andrea from Sales.,Laptop / Endpoint,Printers & Devices,webcam-pd,""
servicenow_ticket_triage-852,MFA push not arriving on replacement phone.. MFA push not arriving on replacement phone. Reported by Barry from Warehouse.,Access Management,Security,mfa-security,""
servicenow_ticket_triage-861,New contractor needs temporary access to WMS.. New contractor needs temporary access to WMS. Reported by Monique from Sales.,Access Management,ERP / WMS,wms-access-erp,""
servicenow_ticket_triage-879,Docking station no longer drives dual monitors.. Docking station no longer drives dual monitors. Reported by Douglas from Finance.,Laptop / Endpoint,Printers & Devices,docking-pd,""
servicenow_ticket_triage-883,New contractor needs temporary access to WMS.. New contractor needs temporary access to WMS. Reported by Albert from Operations.,Access Management,ERP / WMS,wms-access-erp,""
servicenow_ticket_triage-888,MFA push not arriving on replacement phone.. MFA push not arriving on replacement phone. Reported by Scott from Warehouse.,Access Management,Security,mfa-security,""
servicenow_ticket_triage-906,MFA push not arriving on replacement phone.. MFA push not arriving on replacement phone. Reported by Ashlee from Operations.,Access Management,Security,mfa-security,""
servicenow_ticket_triage-907,Sales laptop webcam missing from device manager.. Sales laptop webcam missing from device manager. Reported by Gina from Finance.,Laptop / Endpoint,Printers & Devices,webcam-pd,""
servicenow_ticket_triage-943,Teams meeting room camera flickers after restart.. Teams meeting room camera flickers after restart. Reported by Lindsay from Sales.,Email & Collaboration,Printers & Devices,teams-camera-pd,""
servicenow_ticket_triage-952,Spam burst hit shared support inbox this morning.. Spam burst hit shared support inbox this morning. Reported by Tina from Operations.,Email & Collaboration,Security,spam-security,""
servicenow_ticket_triage-954,New contractor needs temporary access to WMS.. New contractor needs temporary access to WMS. Reported by Linda from Finance.,Access Management,ERP / WMS,wms-access-erp,""
servicenow_ticket_triage-957,Docking station no longer drives dual monitors.. Docking station no longer drives dual monitors. Reported by Alexander from HR.,Laptop / Endpoint,Printers & Devices,docking-pd,""
servicenow_ticket_triage-959,Spam burst hit shared support inbox this morning.. Spam burst hit shared support inbox this morning. Reported by Shawn from Operations.,Email & Collaboration,Security,spam-security,""
servicenow_ticket_triage-970,Docking station no longer drives dual monitors.. Docking station no longer drives dual monitors. Reported by Rose from Sales.,Laptop / Endpoint,Printers & Devices,docking-pd,""
servicenow_ticket_triage-987,MFA push not arriving on replacement phone.. MFA push not arriving on replacement phone. Reported by Sonya from Warehouse.,Access Management,Security,mfa-security,""
servicenow_ticket_triage-996,Teams meeting room camera flickers after restart.. Teams meeting room camera flickers after restart. Reported by Antonio from Finance.,Email & Collaboration,Printers & Devices,teams-camera-pd,""
gen-v1-Secu-23-1,Our HR shared drive flagged a policy violation after a contractor in recruiting plugged a personal USB stick into the front-desk PC — routing to Security to review device logs and determine if candidate data left the network.,Security,Network & VPN,shared-drive-network,""
gen-v1-Lapt-87-0,"The AnyConnect client on my Finance laptop crashes every time I try to log in, kicking me back to the desktop before authentication completes. I need the client reinstalled or repaired on the machine itself so I can access the month-end reporting shared drive.",Laptop / Endpoint,Network & VPN,shared-drive-network,""
gen-v1-Lapt-90-1,"Three agents in the Support bullpen report their docks randomly drop USB connections mid-shift, killing headsets during live customer calls; swapping to a known-good dock fixed it, so the docking stations appear faulty.",Laptop / Endpoint,Printers & Devices,docking-pd,""
gen-v1-Lapt-93-4,"After the latest laptop update, my docking station in the Sales pod only outputs to one monitor instead of two, which is slowing down my quoting work.",Laptop / Endpoint,Printers & Devices,docking-pd,""
gen-v1-Lapt-91-3,"HR's benefits analyst laptop fails to get network or power through the docking station after a recent firmware update, forcing them to work off Wi-Fi with a dying battery.",Laptop / Endpoint,Printers & Devices,docking-pd,""
gen-v1-Lapt-90-3,"After the morning shift change, the hot-desk docking station in the Support area fails to pass Ethernet to connected laptops; agents are falling back to spotty Wi-Fi, and screen-share sessions keep freezing.",Laptop / Endpoint,Printers & Devices,docking-pd,""
gen-v1-Lapt-94-0,My laptop in the Sales bullpen won't charge or connect to the dual monitors when seated at my desk — the docking station light flickers and the endpoint keeps dropping the display signal mid-presentation.,Laptop / Endpoint,Printers & Devices,docking-pd,""
