id,text,teacher_label,corrected_label
servicenow_ticket_triage-982,Single sign-on to HRIS returns invalid relay state.. Single sign-on to HRIS returns invalid relay state. Reported by Paige from Sales.,Access Management,""
servicenow_ticket_triage-903,Power BI refresh failing after service account rotation.. Power BI refresh failing after service account rotation. Reported by Tiffany from Operations.,Access Management,""
servicenow_ticket_triage-761,SSO certificate warning shown on benefits portal.. SSO certificate warning shown on benefits portal. Reported by Katherine from HR.,Access Management,""
servicenow_ticket_triage-538,Single sign-on to HRIS returns invalid relay state.. Single sign-on to HRIS returns invalid relay state. Reported by Catherine from Operations.,Access Management,""
servicenow_ticket_triage-176,Single sign-on to HRIS returns invalid relay state.. Single sign-on to HRIS returns invalid relay state. Reported by James from HR.,Access Management,""
servicenow_ticket_triage-269,SSO certificate warning shown on benefits portal.. SSO certificate warning shown on benefits portal. Reported by Destiny from HR.,Access Management,""
servicenow_ticket_triage-470,Password reset loop continues after successful change.. Password reset loop continues after successful change. Reported by Caleb from HR.,Access Management,""
servicenow_ticket_triage-713,Power BI refresh failing after service account rotation.. Power BI refresh failing after service account rotation. Reported by Sherri from Warehouse.,Access Management,""
servicenow_ticket_triage-897,Customer portal SSO redirects to blank page.. Customer portal SSO redirects to blank page. Reported by Timothy from Operations.,Access Management,""
servicenow_ticket_triage-643,Conditional access policy locked out break-glass account.. Conditional access policy locked out break-glass account. Reported by Heidi from HR.,Access Management,""
servicenow_ticket_triage-835,Single sign-on to HRIS returns invalid relay state.. Single sign-on to HRIS returns invalid relay state. Reported by Jennifer from Operations.,Access Management,""
servicenow_ticket_triage-368,Conditional access policy locked out break-glass account.. Conditional access policy locked out break-glass account. Reported by Jeanne from Sales.,Access Management,""
servicenow_ticket_triage-318,SSO certificate warning shown on benefits portal.. SSO certificate warning shown on benefits portal. Reported by Christine from HR.,Access Management,""
servicenow_ticket_triage-841,Service account password expired on integration job.. Service account password expired on integration job. Reported by Matthew from Sales.,Access Management,""
servicenow_ticket_triage-979,Service account password expired on integration job.. Service account password expired on integration job. Reported by Kevin from Warehouse.,Access Management,""
servicenow_ticket_triage-388,Cannot sign in to Okta after password reset.. Cannot sign in to Okta after password reset. Reported by Robert from Sales.,Access Management,""
servicenow_ticket_triage-476,New hire missing access to onboarding portal.. New hire missing access to onboarding portal. Reported by Rebecca from Warehouse.,Access Management,""
servicenow_ticket_triage-527,Power BI refresh failing after service account rotation.. Power BI refresh failing after service account rotation. Reported by Stefanie from HR.,Access Management,""
servicenow_ticket_triage-668,Power BI refresh failing after service account rotation.. Power BI refresh failing after service account rotation. Reported by Jeremiah from Operations.,Access Management,""
servicenow_ticket_triage-477,Single sign-on to HRIS returns invalid relay state.. Single sign-on to HRIS returns invalid relay state. Reported by Brandy from Sales.,Access Management,""
servicenow_ticket_triage-152,MFA push not arriving on replacement phone.. MFA push not arriving on replacement phone. Reported by Debra from Finance.,Access Management,Security
servicenow_ticket_triage-400,Service account password expired on integration job.. Service account password expired on integration job. Reported by Steven from Sales.,Access Management,""
servicenow_ticket_triage-803,Password reset loop continues after successful change.. Password reset loop continues after successful change. Reported by Brenda from Finance.,Access Management,""
servicenow_ticket_triage-151,Cannot sign in to Okta after password reset.. Cannot sign in to Okta after password reset. Reported by Wanda from Finance.,Access Management,""
servicenow_ticket_triage-630,New hire missing access to onboarding portal.. New hire missing access to onboarding portal. Reported by Jenny from Warehouse.,Access Management,""
servicenow_ticket_triage-904,Payroll batch job missed scheduled overnight window.. Payroll batch job missed scheduled overnight window. Reported by Dominique from HR.,ERP / WMS,""
servicenow_ticket_triage-958,Finance cannot export month-end AP aging report.. Finance cannot export month-end AP aging report. Reported by Amanda from HR.,ERP / WMS,""
servicenow_ticket_triage-403,Procurement team reports ERP attachments missing.. Procurement team reports ERP attachments missing. Reported by Thomas from Warehouse.,ERP / WMS,""
servicenow_ticket_triage-667,Warehouse scanner will not sync picks to WMS.. Warehouse scanner will not sync picks to WMS. Reported by Krystal from Finance.,ERP / WMS,""
servicenow_ticket_triage-594,Finance cannot export month-end AP aging report.. Finance cannot export month-end AP aging report. Reported by Lauren from HR.,ERP / WMS,""
servicenow_ticket_triage-166,Payroll batch job missed scheduled overnight window.. Payroll batch job missed scheduled overnight window. Reported by Chad from Operations.,ERP / WMS,""
servicenow_ticket_triage-251,ERP purchase order screen timing out for AP team.. ERP purchase order screen timing out for AP team. Reported by Leslie from Sales.,ERP / WMS,""
servicenow_ticket_triage-802,Payroll batch job missed scheduled overnight window.. Payroll batch job missed scheduled overnight window. Reported by Kenneth from Finance.,ERP / WMS,""
servicenow_ticket_triage-537,Finance cannot export month-end AP aging report.. Finance cannot export month-end AP aging report. Reported by Gary from Operations.,ERP / WMS,""
servicenow_ticket_triage-90,Procurement team reports ERP attachments missing.. Procurement team reports ERP attachments missing. Reported by Brandon from Sales.,ERP / WMS,""
servicenow_ticket_triage-97,Procurement team reports ERP attachments missing.. Procurement team reports ERP attachments missing. Reported by Wendy from Finance.,ERP / WMS,""
servicenow_ticket_triage-661,Procurement team reports ERP attachments missing.. Procurement team reports ERP attachments missing. Reported by Anna from Finance.,ERP / WMS,""
servicenow_ticket_triage-52,ERP role request approved but not applied.. ERP role request approved but not applied. Reported by Jason from Warehouse.,ERP / WMS,""
servicenow_ticket_triage-492,Procurement team reports ERP attachments missing.. Procurement team reports ERP attachments missing. Reported by Jeffrey from Operations.,ERP / WMS,""
servicenow_ticket_triage-767,ERP role request approved but not applied.. ERP role request approved but not applied. Reported by Samuel from Sales.,ERP / WMS,""
servicenow_ticket_triage-204,Finance cannot export month-end AP aging report.. Finance cannot export month-end AP aging report. Reported by Gabriel from Sales.,ERP / WMS,""
servicenow_ticket_triage-500,Procurement team reports ERP attachments missing.. Procurement team reports ERP attachments missing. Reported by David from Warehouse.,ERP / WMS,""
servicenow_ticket_triage-669,ERP role request approved but not applied.. ERP role request approved but not applied. Reported by Alexandra from Operations.,ERP / WMS,""
servicenow_ticket_triage-356,New contractor needs temporary access to WMS.. New contractor needs temporary access to WMS. Reported by Gregory from HR.,ERP / WMS,""
servicenow_ticket_triage-453,Warehouse scanner will not sync picks to WMS.. Warehouse scanner will not sync picks to WMS. Reported by Thomas from Operations.,ERP / WMS,""
servicenow_ticket_triage-846,ERP role request approved but not applied.. ERP role request approved but not applied. Reported by Michele from Sales.,ERP / WMS,""
servicenow_ticket_triage-741,ERP role request approved but not applied.. ERP role request approved but not applied. Reported by Elizabeth from Operations.,ERP / WMS,""
servicenow_ticket_triage-71,ERP role request approved but not applied.. ERP role request approved but not applied. Reported by Jason from Sales.,ERP / WMS,""
servicenow_ticket_triage-116,Payroll batch job missed scheduled overnight window.. Payroll batch job missed scheduled overnight window. Reported by Monica from Operations.,ERP / WMS,""
servicenow_ticket_triage-274,ERP purchase order screen timing out for AP team.. ERP purchase order screen timing out for AP team. Reported by Sheila from Finance.,ERP / WMS,""
servicenow_ticket_triage-431,Slack notifications delayed for customer support queue.. Slack notifications delayed for customer support queue. Reported by Daniel from Warehouse.,Email & Collaboration,""
servicenow_ticket_triage-135,CEO calendar delegate can no longer edit events.. CEO calendar delegate can no longer edit events. Reported by Christopher from Finance.,Email & Collaboration,""
servicenow_ticket_triage-670,Outlook keeps prompting for password on Mac.. Outlook keeps prompting for password on Mac. Reported by Shannon from Sales.,Email & Collaboration,""
servicenow_ticket_triage-925,Email search indexing incomplete after migration.. Email search indexing incomplete after migration. Reported by Debbie from Operations.,Email & Collaboration,""
servicenow_ticket_triage-712,Teams calls dropping audio after two minutes.. Teams calls dropping audio after two minutes. Reported by Holly from Warehouse.,Email & Collaboration,""
servicenow_ticket_triage-827,Email signatures disappeared for sales team.. Email signatures disappeared for sales team. Reported by Benjamin from Operations.,Email & Collaboration,""
servicenow_ticket_triage-432,Spam burst hit shared support inbox this morning.. Spam burst hit shared support inbox this morning. Reported by Ronald from Warehouse.,Email & Collaboration,""
servicenow_ticket_triage-723,Shared mailbox permissions disappeared overnight.. Shared mailbox permissions disappeared overnight. Reported by Mary from Operations.,Email & Collaboration,""
servicenow_ticket_triage-458,Shared mailbox permissions disappeared overnight.. Shared mailbox permissions disappeared overnight. Reported by Adrienne from Sales.,Email & Collaboration,""
servicenow_ticket_triage-493,Email signatures disappeared for sales team.. Email signatures disappeared for sales team. Reported by Ryan from Finance.,Email & Collaboration,""
servicenow_ticket_triage-814,Shared mailbox permissions disappeared overnight.. Shared mailbox permissions disappeared overnight. Reported by Heidi from Operations.,Email & Collaboration,""
servicenow_ticket_triage-739,Slack notifications delayed for customer support queue.. Slack notifications delayed for customer support queue. Reported by Michael from Sales.,Email & Collaboration,""
servicenow_ticket_triage-113,Email signatures disappeared for sales team.. Email signatures disappeared for sales team. Reported by Vincent from HR.,Email & Collaboration,""
servicenow_ticket_triage-615,Teams calls dropping audio after two minutes.. Teams calls dropping audio after two minutes. Reported by Alyssa from Operations.,Email & Collaboration,""
servicenow_ticket_triage-816,Shared mailbox permissions disappeared overnight.. Shared mailbox permissions disappeared overnight. Reported by Jesus from HR.,Email & Collaboration,""
servicenow_ticket_triage-478,Email signatures disappeared for sales team.. Email signatures disappeared for sales team. Reported by Heather from HR.,Email & Collaboration,""
servicenow_ticket_triage-549,CEO calendar delegate can no longer edit events.. CEO calendar delegate can no longer edit events. Reported by Jennifer from Finance.,Email & Collaboration,""
servicenow_ticket_triage-951,Outlook keeps prompting for password on Mac.. Outlook keeps prompting for password on Mac. Reported by Jennifer from Warehouse.,Email & Collaboration,""
servicenow_ticket_triage-850,Email signatures disappeared for sales team.. Email signatures disappeared for sales team. Reported by Katherine from Operations.,Email & Collaboration,""
servicenow_ticket_triage-326,Teams meeting room camera flickers after restart.. Teams meeting room camera flickers after restart. Reported by Jill from Sales.,Email & Collaboration,Printers & Devices
servicenow_ticket_triage-408,Outlook keeps prompting for password on Mac.. Outlook keeps prompting for password on Mac. Reported by Zachary from Operations.,Email & Collaboration,""
servicenow_ticket_triage-674,Email search indexing incomplete after migration.. Email search indexing incomplete after migration. Reported by Kevin from Finance.,Email & Collaboration,""
servicenow_ticket_triage-243,Teams calls dropping audio after two minutes.. Teams calls dropping audio after two minutes. Reported by Alexandra from Operations.,Email & Collaboration,""
servicenow_ticket_triage-165,Email search indexing incomplete after migration.. Email search indexing incomplete after migration. Reported by Michele from Sales.,Email & Collaboration,""
servicenow_ticket_triage-526,Teams meeting room camera flickers after restart.. Teams meeting room camera flickers after restart. Reported by Karen from Operations.,Email & Collaboration,Printers & Devices
servicenow_ticket_triage-822,Intune enrollment stuck on compliance evaluation.. Intune enrollment stuck on compliance evaluation. Reported by Paul from Finance.,Laptop / Endpoint,""
servicenow_ticket_triage-482,Intune enrollment stuck on compliance evaluation.. Intune enrollment stuck on compliance evaluation. Reported by Adam from HR.,Laptop / Endpoint,""
servicenow_ticket_triage-683,Warehouse tablet battery draining within one shift.. Warehouse tablet battery draining within one shift. Reported by Glenn from Operations.,Laptop / Endpoint,""
servicenow_ticket_triage-892,Laptop blue-screened during payroll export.. Laptop blue-screened during payroll export. Reported by Roger from Operations.,Laptop / Endpoint,""
servicenow_ticket_triage-480,User cannot map shared drive from new laptop.. User cannot map shared drive from new laptop. Reported by Kathy from HR.,Laptop / Endpoint,""
servicenow_ticket_triage-39,User cannot map shared drive from new laptop.. User cannot map shared drive from new laptop. Reported by Michelle from Warehouse.,Laptop / Endpoint,""
servicenow_ticket_triage-101,Warehouse tablet battery draining within one shift.. Warehouse tablet battery draining within one shift. Reported by Alexander from Finance.,Laptop / Endpoint,""
servicenow_ticket_triage-672,BitLocker recovery key prompt appears at boot.. BitLocker recovery key prompt appears at boot. Reported by Michelle from Operations.,Laptop / Endpoint,""
servicenow_ticket_triage-533,Intune enrollment stuck on compliance evaluation.. Intune enrollment stuck on compliance evaluation. Reported by Anne from Sales.,Laptop / Endpoint,""
servicenow_ticket_triage-980,BitLocker recovery key prompt appears at boot.. BitLocker recovery key prompt appears at boot. Reported by Travis from Sales.,Laptop / Endpoint,""
servicenow_ticket_triage-465,BitLocker recovery key prompt appears at boot.. BitLocker recovery key prompt appears at boot. Reported by Amber from Sales.,Laptop / Endpoint,""
servicenow_ticket_triage-820,User cannot map shared drive from new laptop.. User cannot map shared drive from new laptop. Reported by Janet from Operations.,Laptop / Endpoint,""
servicenow_ticket_triage-290,BitLocker recovery key prompt appears at boot.. BitLocker recovery key prompt appears at boot. Reported by Joshua from Finance.,Laptop / Endpoint,""
servicenow_ticket_triage-718,Intune enrollment stuck on compliance evaluation.. Intune enrollment stuck on compliance evaluation. Reported by Ryan from HR.,Laptop / Endpoint,""
servicenow_ticket_triage-689,Warehouse tablet battery draining within one shift.. Warehouse tablet battery draining within one shift. Reported by Jesse from HR.,Laptop / Endpoint,""
servicenow_ticket_triage-105,Warehouse tablet battery draining within one shift.. Warehouse tablet battery draining within one shift. Reported by Joseph from Warehouse.,Laptop / Endpoint,""
servicenow_ticket_triage-125,Citrix launch freezes on black screen.. Citrix launch freezes on black screen. Reported by Aaron from HR.,Laptop / Endpoint,""
servicenow_ticket_triage-831,Citrix launch freezes on black screen.. Citrix launch freezes on black screen. Reported by Morgan from Finance.,Laptop / Endpoint,""
servicenow_ticket_triage-860,Intune enrollment stuck on compliance evaluation.. Intune enrollment stuck on compliance evaluation. Reported by Cynthia from HR.,Laptop / Endpoint,""
servicenow_ticket_triage-365,Sales laptop webcam missing from device manager.. Sales laptop webcam missing from device manager. Reported by Paul from HR.,Laptop / Endpoint,Printers & Devices
servicenow_ticket_triage-714,Warehouse tablet battery draining within one shift.. Warehouse tablet battery draining within one shift. Reported by Vincent from Operations.,Laptop / Endpoint,""
servicenow_ticket_triage-588,Laptop blue-screened during payroll export.. Laptop blue-screened during payroll export. Reported by Cheryl from Warehouse.,Laptop / Endpoint,""
servicenow_ticket_triage-955,Docking station no longer drives dual monitors.. Docking station no longer drives dual monitors. Reported by Michael from Warehouse.,Laptop / Endpoint,Printers & Devices
servicenow_ticket_triage-102,Citrix launch freezes on black screen.. Citrix launch freezes on black screen. Reported by Jennifer from Finance.,Laptop / Endpoint,""
servicenow_ticket_triage-346,Citrix launch freezes on black screen.. Citrix launch freezes on black screen. Reported by Michelle from Operations.,Laptop / Endpoint,""
servicenow_ticket_triage-563,Warehouse RF gun drops Wi-Fi in aisle B.. Warehouse RF gun drops Wi-Fi in aisle B. Reported by William from Finance.,Network & VPN,""
servicenow_ticket_triage-344,VPN disconnects every 15 minutes on hotel Wi-Fi.. VPN disconnects every 15 minutes on hotel Wi-Fi. Reported by James from Sales.,Network & VPN,""
servicenow_ticket_triage-675,VPN outage reported by remote finance staff.. VPN outage reported by remote finance staff. Reported by Christine from Finance.,Network & VPN,""
servicenow_ticket_triage-587,VPN client update failed with rollback error.. VPN client update failed with rollback error. Reported by Steven from HR.,Network & VPN,""
servicenow_ticket_triage-878,Distribution center users cannot reach file server.. Distribution center users cannot reach file server. Reported by Roberta from HR.,Network & VPN,""
servicenow_ticket_triage-445,VPN client update failed with rollback error.. VPN client update failed with rollback error. Reported by Patricia from HR.,Network & VPN,""
servicenow_ticket_triage-286,Warehouse RF gun drops Wi-Fi in aisle B.. Warehouse RF gun drops Wi-Fi in aisle B. Reported by Rebecca from Sales.,Network & VPN,""
servicenow_ticket_triage-352,Distribution center users cannot reach file server.. Distribution center users cannot reach file server. Reported by Amanda from Operations.,Network & VPN,""
servicenow_ticket_triage-629,Warehouse RF gun drops Wi-Fi in aisle B.. Warehouse RF gun drops Wi-Fi in aisle B. Reported by Todd from Finance.,Network & VPN,""
servicenow_ticket_triage-256,Distribution center users cannot reach file server.. Distribution center users cannot reach file server. Reported by Wendy from Warehouse.,Network & VPN,""
servicenow_ticket_triage-211,Distribution center users cannot reach file server.. Distribution center users cannot reach file server. Reported by Joseph from Operations.,Network & VPN,""
servicenow_ticket_triage-721,Warehouse RF gun drops Wi-Fi in aisle B.. Warehouse RF gun drops Wi-Fi in aisle B. Reported by Christopher from Operations.,Network & VPN,""
servicenow_ticket_triage-858,Warehouse RF gun drops Wi-Fi in aisle B.. Warehouse RF gun drops Wi-Fi in aisle B. Reported by Ryan from Warehouse.,Network & VPN,""
servicenow_ticket_triage-774,Distribution center users cannot reach file server.. Distribution center users cannot reach file server. Reported by Andrea from Operations.,Network & VPN,""
servicenow_ticket_triage-614,Warehouse RF gun drops Wi-Fi in aisle B.. Warehouse RF gun drops Wi-Fi in aisle B. Reported by Thomas from Warehouse.,Network & VPN,""
servicenow_ticket_triage-248,Distribution center users cannot reach file server.. Distribution center users cannot reach file server. Reported by Randy from Sales.,Network & VPN,""
servicenow_ticket_triage-623,VPN disconnects every 15 minutes on hotel Wi-Fi.. VPN disconnects every 15 minutes on hotel Wi-Fi. Reported by James from Finance.,Network & VPN,""
servicenow_ticket_triage-547,VPN client update failed with rollback error.. VPN client update failed with rollback error. Reported by Susan from Finance.,Network & VPN,""
servicenow_ticket_triage-24,VPN fails only for users in Phoenix office.. VPN fails only for users in Phoenix office. Reported by Eric from Operations.,Network & VPN,""
servicenow_ticket_triage-944,Warehouse RF gun drops Wi-Fi in aisle B.. Warehouse RF gun drops Wi-Fi in aisle B. Reported by Julie from Finance.,Network & VPN,""
servicenow_ticket_triage-703,User cannot map shared drive from new laptop.. User cannot map shared drive from new laptop. Reported by Margaret from Warehouse.,Network & VPN,""
servicenow_ticket_triage-438,VPN fails only for users in Phoenix office.. VPN fails only for users in Phoenix office. Reported by Melinda from Finance.,Network & VPN,""
servicenow_ticket_triage-41,VPN disconnects every 15 minutes on hotel Wi-Fi.. VPN disconnects every 15 minutes on hotel Wi-Fi. Reported by Janet from Sales.,Network & VPN,""
servicenow_ticket_triage-981,VPN client update failed with rollback error.. VPN client update failed with rollback error. Reported by Colton from Sales.,Network & VPN,""
servicenow_ticket_triage-572,VPN fails only for users in Phoenix office.. VPN fails only for users in Phoenix office. Reported by Ryan from HR.,Network & VPN,""
servicenow_ticket_triage-694,Printer on dock 4 is stuck in offline state.. Printer on dock 4 is stuck in offline state. Reported by Sandra from Finance.,Printers & Devices,""
servicenow_ticket_triage-826,Label printer feeds blank stock after maintenance.. Label printer feeds blank stock after maintenance. Reported by Tyler from Warehouse.,Printers & Devices,""
servicenow_ticket_triage-704,Scanner cradle not charging overnight.. Scanner cradle not charging overnight. Reported by Charles from Sales.,Printers & Devices,""
servicenow_ticket_triage-89,Print queue stalled for shipping label batch.. Print queue stalled for shipping label batch. Reported by Christopher from HR.,Printers & Devices,""
servicenow_ticket_triage-885,Scanner firmware update broke keyboard wedge mode.. Scanner firmware update broke keyboard wedge mode. Reported by Rachel from Sales.,Printers & Devices,""
servicenow_ticket_triage-515,Barcode labels printing with incorrect dimensions.. Barcode labels printing with incorrect dimensions. Reported by Karen from Warehouse.,Printers & Devices,""
servicenow_ticket_triage-12,Scanner cradle not charging overnight.. Scanner cradle not charging overnight. Reported by William from Finance.,Printers & Devices,""
servicenow_ticket_triage-240,Conference room display shows no HDMI signal.. Conference room display shows no HDMI signal. Reported by Christine from Sales.,Printers & Devices,""
servicenow_ticket_triage-766,Label printer feeds blank stock after maintenance.. Label printer feeds blank stock after maintenance. Reported by Sara from Operations.,Printers & Devices,""
servicenow_ticket_triage-423,Label printer feeds blank stock after maintenance.. Label printer feeds blank stock after maintenance. Reported by James from Operations.,Printers & Devices,""
servicenow_ticket_triage-128,Label printer feeds blank stock after maintenance.. Label printer feeds blank stock after maintenance. Reported by Sarah from Finance.,Printers & Devices,""
servicenow_ticket_triage-568,Printer on dock 4 is stuck in offline state.. Printer on dock 4 is stuck in offline state. Reported by Susan from Warehouse.,Printers & Devices,""
servicenow_ticket_triage-511,Label printer feeds blank stock after maintenance.. Label printer feeds blank stock after maintenance. Reported by Jason from Operations.,Printers & Devices,""
servicenow_ticket_triage-969,Print queue stalled for shipping label batch.. Print queue stalled for shipping label batch. Reported by Anna from Operations.,Printers & Devices,""
servicenow_ticket_triage-651,Barcode labels printing with incorrect dimensions.. Barcode labels printing with incorrect dimensions. Reported by Jack from Warehouse.,Printers & Devices,""
servicenow_ticket_triage-941,Label printer feeds blank stock after maintenance.. Label printer feeds blank stock after maintenance. Reported by Makayla from HR.,Printers & Devices,""
servicenow_ticket_triage-763,Scanner cradle not charging overnight.. Scanner cradle not charging overnight. Reported by Kathleen from Operations.,Printers & Devices,""
servicenow_ticket_triage-212,Barcode labels printing with incorrect dimensions.. Barcode labels printing with incorrect dimensions. Reported by Kristen from Sales.,Printers & Devices,""
servicenow_ticket_triage-558,Label printer feeds blank stock after maintenance.. Label printer feeds blank stock after maintenance. Reported by Tonya from Sales.,Printers & Devices,""
servicenow_ticket_triage-536,Scanner firmware update broke keyboard wedge mode.. Scanner firmware update broke keyboard wedge mode. Reported by Katie from Finance.,Printers & Devices,""
servicenow_ticket_triage-535,Print queue stalled for shipping label batch.. Print queue stalled for shipping label batch. Reported by Holly from Operations.,Printers & Devices,""
servicenow_ticket_triage-817,Print queue stalled for shipping label batch.. Print queue stalled for shipping label batch. Reported by Kimberly from Finance.,Printers & Devices,""
servicenow_ticket_triage-379,Barcode labels printing with incorrect dimensions.. Barcode labels printing with incorrect dimensions. Reported by Lee from Sales.,Printers & Devices,""
servicenow_ticket_triage-510,Print queue stalled for shipping label batch.. Print queue stalled for shipping label batch. Reported by Nicholas from Operations.,Printers & Devices,""
servicenow_ticket_triage-599,Scanner firmware update broke keyboard wedge mode.. Scanner firmware update broke keyboard wedge mode. Reported by Alejandro from Sales.,Printers & Devices,""
servicenow_ticket_triage-898,Suspicious login alert triggered for finance user.. Suspicious login alert triggered for finance user. Reported by John from HR.,Security,""
servicenow_ticket_triage-865,Suspicious login alert triggered for finance user.. Suspicious login alert triggered for finance user. Reported by Brandon from Finance.,Security,""
servicenow_ticket_triage-437,Suspicious login alert triggered for finance user.. Suspicious login alert triggered for finance user. Reported by John from Sales.,Security,""
servicenow_ticket_triage-396,Mailbox forwarding rule recreated after removal.. Mailbox forwarding rule recreated after removal. Reported by Justin from HR.,Security,""
servicenow_ticket_triage-410,Spam burst hit shared support inbox this morning.. Spam burst hit shared support inbox this morning. Reported by Matthew from Warehouse.,Security,""
servicenow_ticket_triage-80,Mailbox forwarding rule recreated after removal.. Mailbox forwarding rule recreated after removal. Reported by John from Warehouse.,Security,""
servicenow_ticket_triage-444,Mailbox forwarding rule recreated after removal.. Mailbox forwarding rule recreated after removal. Reported by Stephanie from HR.,Security,""
servicenow_ticket_triage-324,Excel add-in blocked by security policy.. Excel add-in blocked by security policy. Reported by Nicole from Finance.,Security,""
servicenow_ticket_triage-620,Mailbox forwarding rule recreated after removal.. Mailbox forwarding rule recreated after removal. Reported by Joseph from HR.,Security,""
servicenow_ticket_triage-441,Mailbox forwarding rule recreated after removal.. Mailbox forwarding rule recreated after removal. Reported by Elizabeth from Finance.,Security,""
servicenow_ticket_triage-895,Excel add-in blocked by security policy.. Excel add-in blocked by security policy. Reported by James from Finance.,Security,""
servicenow_ticket_triage-232,Spam burst hit shared support inbox this morning.. Spam burst hit shared support inbox this morning. Reported by Jacob from Sales.,Security,""
servicenow_ticket_triage-856,Suspicious login alert triggered for finance user.. Suspicious login alert triggered for finance user. Reported by Wendy from Sales.,Security,""
servicenow_ticket_triage-984,Excel add-in blocked by security policy.. Excel add-in blocked by security policy. Reported by Shawn from Warehouse.,Security,""
servicenow_ticket_triage-866,Suspicious login alert triggered for finance user.. Suspicious login alert triggered for finance user. Reported by Laura from Finance.,Security,""
servicenow_ticket_triage-867,Spam burst hit shared support inbox this morning.. Spam burst hit shared support inbox this morning. Reported by Kelly from HR.,Security,""
servicenow_ticket_triage-953,Mailbox forwarding rule recreated after removal.. Mailbox forwarding rule recreated after removal. Reported by Tammy from Sales.,Security,""
servicenow_ticket_triage-285,Suspicious login alert triggered for finance user.. Suspicious login alert triggered for finance user. Reported by Tracy from HR.,Security,""
servicenow_ticket_triage-443,Suspicious login alert triggered for finance user.. Suspicious login alert triggered for finance user. Reported by Caitlin from Operations.,Security,""
servicenow_ticket_triage-387,Excel add-in blocked by security policy.. Excel add-in blocked by security policy. Reported by David from HR.,Security,""
servicenow_ticket_triage-971,Suspicious login alert triggered for finance user.. Suspicious login alert triggered for finance user. Reported by Jeffrey from HR.,Security,""
servicenow_ticket_triage-550,Excel add-in blocked by security policy.. Excel add-in blocked by security policy. Reported by Charles from Operations.,Security,""
servicenow_ticket_triage-215,Excel add-in blocked by security policy.. Excel add-in blocked by security policy. Reported by Susan from Finance.,Security,""
servicenow_ticket_triage-197,Excel add-in blocked by security policy.. Excel add-in blocked by security policy. Reported by Andrea from Warehouse.,Security,""
servicenow_ticket_triage-693,Spam burst hit shared support inbox this morning.. Spam burst hit shared support inbox this morning. Reported by Grace from Sales.,Security,""
servicenow_ticket_triage-783,Voicemail transcription unavailable in mobile app.. Voicemail transcription unavailable in mobile app. Reported by Jennifer from Operations.,Telephony,""
servicenow_ticket_triage-871,Voicemail transcription unavailable in mobile app.. Voicemail transcription unavailable in mobile app. Reported by Ashlee from Operations.,Telephony,""
servicenow_ticket_triage-472,Teams calls dropping audio after two minutes.. Teams calls dropping audio after two minutes. Reported by Amy from Sales.,Telephony,Email & Collaboration
servicenow_ticket_triage-754,Voicemail transcription unavailable in mobile app.. Voicemail transcription unavailable in mobile app. Reported by Xavier from Warehouse.,Telephony,""
servicenow_ticket_triage-855,Phone soft client cannot register after ISP change.. Phone soft client cannot register after ISP change. Reported by Samantha from Operations.,Telephony,""
servicenow_ticket_triage-262,Voicemail transcription unavailable in mobile app.. Voicemail transcription unavailable in mobile app. Reported by Natasha from Operations.,Telephony,""
servicenow_ticket_triage-15,Voicemail transcription unavailable in mobile app.. Voicemail transcription unavailable in mobile app. Reported by Debra from Warehouse.,Telephony,""
servicenow_ticket_triage-419,Voicemail transcription unavailable in mobile app.. Voicemail transcription unavailable in mobile app. Reported by Melissa from HR.,Telephony,""
servicenow_ticket_triage-147,Voicemail transcription unavailable in mobile app.. Voicemail transcription unavailable in mobile app. Reported by Amber from Finance.,Telephony,""
servicenow_ticket_triage-484,Phone soft client cannot register after ISP change.. Phone soft client cannot register after ISP change. Reported by Karen from Warehouse.,Telephony,""
servicenow_ticket_triage-180,Phone soft client cannot register after ISP change.. Phone soft client cannot register after ISP change. Reported by Stuart from HR.,Telephony,""
servicenow_ticket_triage-66,Teams calls dropping audio after two minutes.. Teams calls dropping audio after two minutes. Reported by Kimberly from HR.,Telephony,Email & Collaboration
servicenow_ticket_triage-733,Voicemail transcription unavailable in mobile app.. Voicemail transcription unavailable in mobile app. Reported by Sabrina from Operations.,Telephony,""
servicenow_ticket_triage-781,Phone soft client cannot register after ISP change.. Phone soft client cannot register after ISP change. Reported by Marilyn from Operations.,Telephony,""
servicenow_ticket_triage-8,Voicemail transcription unavailable in mobile app.. Voicemail transcription unavailable in mobile app. Reported by Christopher from Warehouse.,Telephony,""
servicenow_ticket_triage-577,Voicemail transcription unavailable in mobile app.. Voicemail transcription unavailable in mobile app. Reported by Amanda from Sales.,Telephony,""
servicenow_ticket_triage-436,Phone soft client cannot register after ISP change.. Phone soft client cannot register after ISP change. Reported by Brent from Finance.,Telephony,""
servicenow_ticket_triage-222,Voicemail transcription unavailable in mobile app.. Voicemail transcription unavailable in mobile app. Reported by Beth from Sales.,Telephony,""
servicenow_ticket_triage-939,Voicemail transcription unavailable in mobile app.. Voicemail transcription unavailable in mobile app. Reported by Maria from Finance.,Telephony,""
servicenow_ticket_triage-413,Voicemail transcription unavailable in mobile app.. Voicemail transcription unavailable in mobile app. Reported by Emily from Finance.,Telephony,""
servicenow_ticket_triage-542,Voicemail transcription unavailable in mobile app.. Voicemail transcription unavailable in mobile app. Reported by Tami from HR.,Telephony,""
servicenow_ticket_triage-540,Voicemail transcription unavailable in mobile app.. Voicemail transcription unavailable in mobile app. Reported by Danny from HR.,Telephony,""
servicenow_ticket_triage-576,Phone soft client cannot register after ISP change.. Phone soft client cannot register after ISP change. Reported by Lindsey from Operations.,Telephony,""
servicenow_ticket_triage-504,Voicemail transcription unavailable in mobile app.. Voicemail transcription unavailable in mobile app. Reported by Anne from Finance.,Telephony,""
servicenow_ticket_triage-692,Voicemail transcription unavailable in mobile app.. Voicemail transcription unavailable in mobile app. Reported by Shawn from HR.,Telephony,""
