"id","label","text","verdict"
"gen-v3-Acce-0-0","Access Management","MFA token not syncing with corporate login portal. My authenticator app on my phone is showing a 6-digit code, but the corporate login portal (auth.virtusa.local) keeps rejecting it as invalid. I have tried resetting the app and re-pairing, but the error persists immediately. I am unable to access any internal systems including Jira and Confluence. This started around 2 PM yesterday. My user ID is j.doe. Please advise if I need to reset my entire MFA profile or if there is a server-side sync iss","ok"
"gen-v3-Acce-5-2","Access Management","MFA app not authenticating for Salesforce login. My authenticator app on my personal mobile phone is no longer working for Salesforce logins. The 6-digit code I enter is rejected every time with a 'Invalid Token' error. I have tried reinstalling the app and syncing my phone's clock to the network time, but the issue persists. I do not have a backup authentication method set up, so I am currently unable to log in to update customer records. Please assist in re-enrolling my device or resetting my ","ok"
"gen-v3-Acce-2-2","Access Management","Email account disabled unexpectedly; cannot send or receive messages. My corporate email account appears to be disabled. I am receiving bounce-back messages from external clients stating that my address does not exist. Additionally, when I try to open Outlook on my desktop, it prompts for a password that I know is correct, but then fails with a '5.7.1 Access Denied' error. This started happening around 10:00 AM this morning. I have not changed my password or moved machines. Please investigate if","ok"
"gen-v3-Acce-4-1","Access Management","Service Desk portal login loops back to start page; session timeout issue. Every time I log into the internal Service Desk portal (service.virtusa.com) to submit a new ticket, I am redirected back to the initial landing page immediately after entering my credentials. I do not receive an error message; it just refreshes. I have cleared my browser cache and cookies, and I have tried using Incognito mode in Chrome and Firefox, but the issue persists. It seems like my session is not being maintained","ok"
"gen-v3-Back-13-3","Backup/Recovery","SQL Server backup verification failed with checksum error. The post-backup verification step for the legacy SQL Server 2012 instance failed with error 3205: 'Unable to create or open physical file'. Additionally, the integrity check reported a checksum mismatch on one of the data files. This suggests potential file system corruption or a failing disk on the source server. The actual backup file was created, but it cannot be trusted for recovery. The server has been running for over 400 days with","ok"
"gen-v3-Back-12-1","Backup/Recovery","Database restore failed: Oracle error ORA-19504 failed to identify file. Attempted to restore the finance database from last night's RMAN backup (tag: FDB-NIGHTLY-0501) to the test environment. The restore job failed with ORA-19504: failed to identify file 'piece_1' specified in command. The backup piece exists in the storage area network at /mnt/backup/oracle/fin/prod/20231001. Verify the RMAN catalog integrity and check if the backup set is corrupted or if there are permission issues on the NF","ok"
"gen-v3-Back-9-0","Backup/Recovery","Commvault backup agent timeout on FIN-DB02: Client not responding. The nightly full backup job for FIN-DB02 (SQL Server 2017) failed at 02:15 with error 'Backup failed: Client FIN-DB02 did not respond to request' (Code: 70011). The Commvault client service appears to be running but is unresponsive. System resource usage shows 98% memory utilization on the host. Please investigate whether a runaway query or memory leak is preventing the backup agent from communicating with the master server. This","ok"
"gen-v3-Back-11-4","Backup/Recovery","VMware vSphere backup job failed: Guest file system quiescing error. Veeam Backup & Replication job 'Prod-VMs-Prod' reported failure for virtual machine WEB-FRONTEND-07. Error: 'Guest file system quiescing failed'. The VSS provider on the Windows Server 2022 guest returned error 0x80042314 (E_UNEXPECTED). The application 'IIS Express' is not releasing file handles during the snapshot process. The VM was restored from the previous day's snapshot to verify data integrity, but the root cause of the","ok"
"gen-v3-Clou-14-0","Cloud Services","RDS PostgreSQL primary instance unavailable in eu-west-1. At 14:22 UTC, CloudWatch alarm 'DB-CPU-Utilization' and 'DB-ReadLatency' triggered for RDS instance db-prod-core-pg (db.r6g.xlarge) in eu-west-1. The primary instance status changed to 'available' but connections are timing out. psql connection attempts return 'FATAL: no pg_hba.conf entry for host'. Replication lag on the standby db-prod-core-pg-replica is currently at 120s. Application logs in ECS service core-api show 'connection pool e","ok"
"gen-v3-Clou-19-2","Cloud Services","Elasticsearch cluster red status: shard allocation failure. Elasticsearch cluster search-prod-v2 is in RED status. 3 shards of the 'logs-app-prod' index are unassigned. Cluster health API returns status red with unassigned_primary_shards count > 0. Node elasticsearch-data-03 has experienced OOM kills and restarted twice in the last hour. Disk usage on node data-01 is at 98%. Search functionality is partially degraded with timeout errors reported by the logging dashboard.","ok"
"gen-v3-Clou-18-3","Cloud Services","RDS PostgreSQL database connection pool exhaustion. The Order Management System is unresponsive. Database monitoring shows that the RDS instance db-prod-orders-01 has reached its maximum connection limit of 500. Applications are failing to establish new connections, resulting in 'too many clients already' errors in the application logs. A recent deployment to the Order Service introduced a connection leak where database connections were not being properly closed after transaction completion. The","ok"
"gen-v3-Clou-22-3","Cloud Services","AWS Lambda function 'api-webhook-handler' invoking 502 errors due to memory limits. Error: Lambda function arn:aws:lambda:eu-west-1:123456789012:function:api-webhook-handler is failing with Runtime Error: MemoryLimitExceeded. CloudWatch Logs show the process is being killed by the OOM killer after processing payloads larger than 128MB. The function is configured with 512MB memory limit, which is insufficient for the current volume of incoming webhook data. Success rate has dropped to 85% in the ","ok"
"gen-v3-Data-25-3","Data Center","Generator Gen-1 failed to start during mains power test; transfer switch stuck. During the scheduled monthly mains power outage test at 06:00, the primary generator (Gen-1) failed to start. The automatic transfer switch (ATS) opened, causing a momentary dip in power to Critical Bus 1, but the diesel generator did not engage. Manual start attempt failed with error code 'Low Oil Pressure'. The building is currently running on the backup generator Gen-2, which is functioning normally. Gen-1 is isol","ok"
"gen-v3-Data-27-4","Data Center","Generator Gen-2 start failure during scheduled monthly test. The automatic monthly test of Generator Gen-2 at 05:00 UTC failed to reach full load. The engine started but tripped after 90 seconds due to low fuel pressure alarm. The transfer switch did not engage, so no load was transferred to the generator, maintaining site power continuity. However, the failure indicates a potential issue with the fuel pump or filter. The generator is now in a standby-fail state. Maintenance team has been dispat","ok"
"gen-v3-Data-29-1","Data Center","UPS bypass event on Critical Load Bus 2 due to inverter fault. UPS unit UPS-CLB-2 (APC Symmetra PX, 500kVA) triggered an inverter fault at 14:22 UTC and automatically switched to static bypass mode. The unit is currently supplying power to the core networking switches and primary storage arrays for Data Center East. Battery backup is not engaged, but the load is protected. The inverter fan assembly shows signs of overheating, and the control panel displays error code E-402. Vendor support ticket","ok"
"gen-v3-Data-28-3","Data Center","PDU circuit breaker trip; rack E05 offline due to power fault. At 08:05, the network monitoring system reported a loss of power to all devices in rack E05. Investigation of the rack PDU (Raritan PX2) via SNMP shows that Circuit Breaker 3 has tripped. The PDU logs indicate an overload event preceding the trip, with current draw reaching 19A on that circuit against a 20A limit. Servers in E05 have automatically shut down to prevent further electrical stress. The PDU has been reset remotely, but th","ok"
"gen-v3-Emai-36-2","Email","Shared mailbox inaccessible; 401 Unauthorized error in Outlook. I am unable to access the shared mailbox for our Sales Team (Sales@company.com) in Outlook. Every time I try to open the shared inbox, I receive an error: 'We can't sign in to that account. 401: Unauthorized'. My personal mailbox works fine. I am part of the Sales Group and should have full send-as permissions. This is blocking the team from replying to inbound leads. Please check the permissions or the credential cache on my profil","ok"
"gen-v3-Emai-35-4","Email","Shared Mailbox calendar sync failure in Outlook 2019. The 'Sales-Team' shared mailbox calendar is not syncing with the local Outlook 2019 client on the sales manager's desktop (PC-SAL-008). New appointments created by other team members in the shared calendar do not appear on the manager's local view until a manual 'Send/Receive' group update is forced, even then it only updates partially. The mailbox is mapped via the 'Open Shared Mailbox' method. This has prevented the manager from scheduling ","ok"
"gen-v3-Emai-35-2","Email","Outlook mobile app on iOS disconnects every 5-10 minutes. My iPhone 14 Pro (iOS 17.4) running the Outlook mobile app is experiencing constant disconnections. The app status bar turns red and displays 'Connection problem' or 'Disconnected' every few minutes, requiring me to manually toggle airplane mode or force-close the app to re-sync. This has been happening intermittently since last night. The issue does not occur in the web version of Outlook. Network connectivity is confirmed stable on both","ok"
"gen-v3-Emai-38-4","Email","Duplicate emails in inbox from internal senders. Multiple users in the Sales department are receiving duplicate copies of every incoming email from internal senders. External emails appear normally. This is causing inbox clutter and confusion regarding which email is the original. The issue began yesterday afternoon. We have checked spam/junk folders, but the duplicates are in the main inbox. Please investigate if this is a routing or server-side issue.","ok"
"gen-v3-Hard-40-2","Hardware","Printer tray jamming repeatedly; hardware malfunction on HP LaserJet Enterprise. The shared HP LaserJet 400 Color MFP M477fdw in the 3rd Floor Sales Suite (Room 305) is stuck in a continuous paper jam state. Despite clearing the paper path multiple times, the 'Tray 1' error persists and the unit will not feed paper. This is impacting the production of quarterly sales reports due by end of day. Remote restart has been attempted with no success.","ok"
"gen-v3-Hard-39-0","Hardware","External monitor flickering and going black randomly. My primary external monitor, a Dell U2720Q, connected to my workstation via DisplayPort, has started flickering intermittently since yesterday afternoon. The screen goes completely black for about 2-3 seconds and then returns to normal. This is happening roughly every 10-15 minutes. I have tried a different cable and a different port on the monitor, but the issue persists. The internal laptop display is unaffected. Workstation asset tag is FI","ok"
"gen-v3-Hard-40-4","Hardware","Audio output failure on conference room PC; no sound from speakers. The dedicated Windows 10 PC connected to the ceiling-mounted speakers in Conference Room 4B is producing no audio. Video output to the 85-inch display is working correctly, but there is no sound for video calls or local media playback. I have checked the Windows volume mixer and device manager; no audio devices are detected. This room is booked for a board meeting in two hours, so urgent attention is required.","ok"
"gen-v3-Hard-39-1","Hardware","Keyboard unresponsive on HP Z4 G4 workstation. The keyboard on my HP Z4 G4 tower workstation stopped working this morning around 9:15 AM. The LEDs on the keyboard are still lit, indicating power is reaching it, but no input is being registered in Windows. I tried unplugging and replugging the USB cable, but it did not resolve the issue. I switched to a different USB port, and the same problem occurred. I have not restarted the machine yet as I have unsaved work in CAD software. Need assistance o","ok"
"gen-v3-Perf-41-3","Performance","Frontend bundle size increase causing slow page loads on mobile. User complaints regarding slow initial page load times on the mobile web app have increased by 300% since the v4.2.1 release deployed at 11:00 UTC. Web Vitals monitoring shows LCP (Largest Contentful Paint) has degraded from 1.8s to 4.2s on 4G networks. Bundle analysis reveals that the main JavaScript chunk size increased from 1.2MB to 3.8MB due to the inclusion of a new analytics library and a third-party chat widget that was not ","ok"
"gen-v3-Perf-41-1","Performance","High memory leak in ReportGen service causing OOM kills. ReportGen pods in the analytics-prod namespace are repeatedly hitting the 4GB memory limit and being OOMKilled by the kubelet. Since 14:30 UTC, the service has restarted 12 times. Heap dumps show a steady increase in retained objects of type 'com.acme.reporting.ChartData', suggesting a memory leak in the chart rendering module. This is impacting scheduled monthly report generation, with 15+ reports stuck in the 'processing' state. The issu","ok"
"gen-v3-Perf-42-0","Performance","HRIS employee search page timing out after recent index optimization. Users are reporting that the 'Search Employee' function in the HRIS portal is failing with a 504 Gateway Timeout. This started approximately 30 minutes after the scheduled nightly database maintenance window. Initial investigation shows the Oracle database CPU usage spiked to 95% during the query execution. The specific SQL query for multi-criteria search is hitting a full table scan instead of using the newly created composit","ok"
"gen-v3-Perf-42-4","Performance","Database replication lag causing inconsistent read results on global inventory service. The global inventory service is returning stale data for certain SKUs. Users in the EU region are seeing inventory counts that differ from the source of truth in the US region. The primary database is healthy, but the read replicas are experiencing a replication lag of 45 seconds. This lag has persisted for the last hour. The application logic is currently configured to route read-heavy inventory checks to th","ok"
"gen-v3-Prin-43-1","Printer/Peripherals","Paper jam error on 4th floor Kyocera despite no visible obstruction. The Kyocera TASKalfa 3500i on the 4th floor (printer name PRN-4F-03) displays a 'Paper Jam' error on the screen, but I have checked all trays and the rear access panel, and there is no paper stuck inside. The printer will not accept new jobs while this error persists. I tried pulling the bypass tray and reinserting it, but the error remains. Please assist in clearing the internal sensor or jam that is not visible to the user.","ok"
"gen-v3-Prin-45-1","Printer/Peripherals","Wireless printer offline; unable to re-establish connection. The Brother HL-L2390DW on the 3rd floor (Asset PRN-3F-BTH-2390) has lost its Wi-Fi connection. The display shows 'Connecting...' indefinitely. I have tried power cycling the device, but it fails to reconnect to the 'Corp_Guest' network. Wired printing via USB works, but we need wireless access restored for the team. Please verify the SSID credentials stored on the device and ensure it is on the correct VLAN segment.","ok"
"gen-v3-Prin-45-2","Printer/Peripherals","Duplex printing producing mirrored text on left-side documents. When printing double-sided documents from the HP Color LaserJet M775 on the 2nd floor (Asset PRN-2F-HP-775), the second page prints upside down and mirrored. Single-sided printing is unaffected. This issue occurs specifically when printing from Microsoft Word 2021 on Windows 11 machines. Other users on the same printer report normal duplex output, suggesting a driver configuration issue on specific workstations. Please investigate t","ok"
"gen-v3-Prin-46-2","Printer/Peripherals","Duplex printer jams paper in internal tray; toner error persists. The HP LaserJet in the Marketing office (Asset: PRT-201) has started jamming paper in the duplex unit. After clearing the jam, the LCD displays 'Toner Low' or 'Check Toner', but the toner cartridge is new and fully installed. Toning does not resume until the unit is restarted, which takes 5 minutes. This has happened four times today.","ok"
"gen-v3-Tele-51-3","Telephony","One-way audio on international calls; NAT traversal failure on ASA. Callers in the New York office (NYC) report hearing no audio from counterparts in London during outbound international calls, while the London side reports clear audio. Debug ccr session on the ASA firewall shows the media stream from NYC is not being NATed correctly; the SIP 200 OK response contains the private IP address of the calling endpoint instead of the public interface IP. Mid-call signal change or SIP ALG misconfigurat","ok"
"gen-v3-Tele-59-0","Telephony","Voicemail notifications failing for all extensions via Cisco Unity Connection. Since 09:15 UTC, users report that new voicemail messages are not triggering email notifications or mobile push alerts. CUC (10.10.5.25) logs show successful message storage but indicate 'Notification Failure' with error code 401 Unauthorized when attempting to relay to the Exchange mail server (mail.corp.local). SMTP connection to port 587 is timing out. No changes made to CUC or Exchange since the last patch cycle.","ok"
"gen-v3-Tele-57-0","Telephony","Intermittent one-way audio on CUCM clusters; RTP port conflicts suspected. Multiple users in the London office report hearing only one-way audio on outbound calls to mobile devices. CUCM logs indicate RTP packet loss on specific trunks. Network team confirmed firewall stateful inspection is dropping unidirectional RTP packets due to inconsistent NAT traversal settings. Affected calls show 'Media Failure' in the CDRs. Impact is moderate, affecting approximately 15% of outbound calls since 10:00 G","ok"
"gen-v3-Tele-57-2","Telephony","High call queue wait times; CSR agents showing offline in CUCM. Customer service call queue wait times have increased to over 5 minutes. Monitoring shows a significant drop in available agent capacity in CUCM. Investigation reveals that 12 out of 30 CSR phones are registered but showing as 'Offline' or 'Busy' without active calls. Agent desktop applications (CTI) are reporting disconnections from the CUCM server. Rebooting the CTI servers is in progress. This is impacting Level 1 support coverag","ok"
"gen-v3-VPN-63-4","VPN","Intermittent DNS resolution failures while connected to Pulse Connect Secure. Internal application names (e.g., hr-portal.company.com) do not resolve while connected to the Pulse Connect Secure VPN. External sites work fine, but internal DNS lookups time out or return NXDOMAIN. I have to flush the DNS cache (ipconfig /flushdns) multiple times per hour to get any resolution to work. This is affecting my ability to access the ERP system. The issue seems to be with the DNS server IP being pushed by","ok"
"gen-v3-VPN-62-2","VPN","Intermittent DNS resolution failures when connected to corporate network. Users connecting from home report that internal applications (SharePoint, ServiceNow) fail to resolve hostnames when the VPN is active. Browsing external sites works fine. Flushing DNS and rebooting the machine temporarily resolves the issue for 15-20 minutes. The issue seems correlated with high latency spikes on the MPLS link. Event logs show 'Name does not exist' errors specifically for internal subnets. External DNS lo","ok"
"gen-v3-VPN-61-4","VPN","Split-tunneling configuration change causing unexpected internet egress for SaaS apps. Following last week's policy update to optimize bandwidth, several users report that traffic to non-corporate SaaS applications (e.g., Slack, GitHub) is no longer being routed through the secure tunnel as expected. The GlobalProtect client shows 'Connected', but packet capture analysis on the user's machine indicates that HTTPS traffic to external SaaS providers is exiting directly via the ISP's public IP, byp","ok"
"gen-v3-VPN-64-4","VPN","IPSec tunnel negotiation failure with remote site. Network team reports that the IPSec tunnel between the HQ data center and the regional office is down. Logs show 'IKE negotiation failed' and 'No matching proposal'. The issue started following a change to the ASA firewall configuration during a routine patching window. Traffic to the remote site is currently being blackholed. The remote site firewall is accessible via management interface, but the tunnel will not establish. No other connectivit","ok"
