id,label,text,verdict
gen-v1-Secu-14-4,Security,"The supervisor's laptop at the Warehouse office triggered a BitLocker recovery key request following a BIOS update, and shift schedules plus stock reports are inaccessible until Security confirms the key.",""
gen-v1-Secu-6-4,Security,"Marketing shared inbox received an email impersonating Microsoft, warning that the password expires today with a login link that leads to a spoofed page. Forwarding the original message for Security to investigate and alert other users.",""
gen-v1-Secu-16-1,Security,The antivirus on my workstation in HR blocked what it called 'suspicious PowerShell activity' right after I opened a benefits spreadsheet emailed by a vendor. Need the Security team to confirm whether this is a real threat or a false positive.,""
gen-v1-Secu-24-1,Security,"Our HR assistant received a warning message about an unauthorized USB device after plugging in a flash drive containing candidate resumes from a job fair. The drive won't mount and the security alert keeps reappearing, so we need Security to review and either clear or confiscate the device.",""
gen-v1-Secu-27-3,Security,Several members of the Engineering QA team received unsolicited MFA approval prompts over the past hour with no corresponding login activity on their part — treating this as a potential credential-stuffing follow-up and requesting Security intervention.,""
gen-v1-Secu-10-1,Security,"After this morning's BIOS update on the receiving dock workstation, BitLocker is demanding a recovery key at startup. Need someone from Security to verify the device and release the key so we can process inbound deliveries again.",""
gen-v1-Secu-26-2,Security,"Security incident: Support desk analyst accidentally approved an unexpected MFA prompt after a barrage of ~20 notifications; suspicious inbox rules were found on the mailbox this morning, need containment and forensics on the account.",""
gen-v1-Secu-8-4,Security,The Support department shared mailbox keeps receiving phishing messages disguised as DocuSign requests for contracts we never sent. Asking the Security team to add the sender domain to the blocklist and confirm whether any replies were sent from the shared account.,""
gen-v1-Secu-19-0,Security,"CrowdStrike flagged a quarantined file on my workstation (ENG-DEV-114) after I pulled a build artifact from our internal repo — pretty sure it's a false positive since it's our own compiled binary, but builds are blocked until it's restored. Can Security review and whitelist it?",""
gen-v1-Secu-32-4,Security,Logistics found password reset emails and a changed recovery phone on a freight portal admin account that none of us requested; route to Security Incident Response to contain account takeover and audit label creation/refund permissions.,""
gen-v1-Secu-23-4,Security,An unknown USB drive was found inserted into the HR training room PC this afternoon — Security should collect it for forensic review and check whether any employee records were copied from that machine.,""
gen-v1-Secu-13-3,Security,"Our shared trade-show laptop at the convention kiosk is stuck on the blue BitLocker key prompt after Secure Boot settings changed, leaving reps unable to run the product demo.",""
gen-v1-Secu-17-2,Security,"EDR is repeatedly flagging our route-planning software on the dispatch workstation as 'potentially unwanted program,' but this tool is business-critical for daily deliveries. Requesting Security to whitelist or investigate before it blocks the application entirely.",""
gen-v1-Secu-12-4,Security,Two engineers on my team hit BitLocker recovery screens right after the latest Windows patch cycle. Suspect the update changed something with the TPM — requesting Security to check the key escrow entries for ENG-WS-0087 and ENG-WS-0091 and advise if this is a wider rollout issue.,""
gen-v1-Secu-12-1,Security,Engineering workstation ENG-LT-2214 suddenly boots to the BitLocker recovery screen every morning this week. I have the recovery key ID displayed on screen; can the Security team pull the matching key from escrow so I don't have to re-enter it daily?,""
gen-v1-Secu-29-0,Security,Three attorneys on the contracts team received dozens of unexpected MFA push notifications overnight despite not attempting any logins; please investigate whether their credentials have been compromised and block further push attempts to their accounts.,""
gen-v1-Secu-11-1,Security,A warehouse ops coordinator's Dell is asking for a 48-digit BitLocker recovery key following a motherboard replacement; Security needs to verify identity and release the key from the escrow portal so he can process shipments again.,""
gen-v1-Secu-29-2,Security,Legal's document review team is reporting a wave of unsolicited authentication prompts hitting their phones between 2 and 4 AM; treat this as a suspected MFA fatigue attack and check sign-in logs for unauthorized access to matter files.,""
gen-v1-Secu-5-2,Security,I may have entered my SSO credentials on a login page linked from an email claiming to be from HR; flagging this to Security immediately so my account can be reviewed and reset.,""
gen-v1-Secu-15-3,Security,"Antivirus on the Sales floor conference room PC detected malware on a USB drive a client brought in for a presentation; the device was blocked, and we need Security to investigate whether anything spread to the machine.",""
gen-v1-Prin-61-3,Printers & Devices,The USB-C docking station at my Engineering desk intermittently disconnects my external monitor and headset whenever I move the laptop slightly. Two other engineers nearby report the same behavior with their docks.,""
gen-v1-Prin-59-2,Printers & Devices,"Docking station in the HR interview room (Room 3B) is not charging connected laptops and the Ethernet port shows no link light. The laptop itself charges normally with its own adapter, so we believe the dock's power delivery has failed.",""
gen-v1-Prin-48-2,Printers & Devices,"The label printer in the warehouse prints every barcode blurry and off-center, and scanners at receiving can't read them — about 200 mislabeled cartons are stacking up.",""
gen-v1-Prin-38-4,Printers & Devices,"The shared printer at the Warehouse office keeps flipping between Ready and Offline every few minutes, and pick lists are either delayed or printing incomplete, slowing down order fulfillment.",""
gen-v1-Prin-53-2,Printers & Devices,Scanner at the Operations receiving desk is feeding pages but producing blank images since a firmware upgrade ran over the weekend; inbound delivery paperwork is piling up unscanned.,""
gen-v1-Prin-59-4,Printers & Devices,"The docking station at HR desk 2.18 intermittently drops the second external monitor — screen flickers and goes black every few minutes. We've tested with two different laptops and both show identical behavior, which points to the dock rather than any single machine.",""
gen-v1-Prin-56-1,Printers & Devices,"USB ports on the Dell WD19 dock at desk E-231 in Engineering aren't recognizing the keyboard or mouse anymore; I tested the same peripherals plugged directly into the laptop and they work perfectly, so the dock unit itself needs to be swapped or repaired.",""
gen-v1-Prin-46-0,Printers & Devices,"The Zebra label printer at the Support desk is feeding blank labels and won't respond to print jobs from the ticketing system, so we can't generate asset tags for incoming laptops.",""
gen-v1-Prin-37-2,Printers & Devices,"Our plotter in Engineering (Room 214) keeps dropping off the network mid-print, leaving large CAD drawings half-finished. Restarting it only fixes the issue for a few minutes before it goes offline again.",""
gen-v1-Prin-35-3,Printers & Devices,Our department's multifunction printer accepts jobs but never prints them; everything sits in the queue with a 'Processing' status indefinitely. Roughly 12 Support staff are affected and need it for daily reports.,""
gen-v1-Prin-60-4,Printers & Devices,The external webcam and headset connected to my workstation aren't detected after the machine was reimaged yesterday. I have a remote court hearing Thursday and need both devices working.,""
gen-v1-Prin-50-0,Printers & Devices,"The HR office multifunction device (3rd floor, room 312) refuses to scan to email — every job fails with a 'network timeout' error after the firmware update ran last night. We have onboarding paperwork for six new hires that needs to be digitized today.",""
gen-v1-Prin-50-4,Printers & Devices,"After an automatic firmware push, our HR scan station no longer recognizes the document feeder — pages have to be scanned one at a time on the glass. With open enrollment forms coming in, this has slowed the team down significantly.",""
gen-v1-Prin-61-2,Printers & Devices,"My Logitech wireless headset pairs via Bluetooth but produces no audio output on my laptop (asset ENG-2287). Wired earbuds work fine, so it seems to be a Bluetooth/driver issue specific to the headset.",""
gen-v1-Prin-44-0,Printers & Devices,"The shared printer on the 3rd floor Finance area keeps jamming every few pages when we try to print month-end reports, and nothing we print comes out. Please send someone to check the paper feed mechanism.",""
gen-v1-Lapt-68-2,Laptop / Endpoint,Company-issued ThinkPad P1 for the Embedded team shows a black image from the integrated camera and a constant mic mute flag in the OS privacy panel; I need the laptop checked before tomorrow’s customer demo.,""
gen-v1-Lapt-78-4,Laptop / Endpoint,"Laptop screen keeps going blank for a few seconds whenever I open the lid or move the hinge, which suggests a loose display cable. I'm coordinating outbound shipments at the North dock and can't afford the display cutting out mid-task.",""
gen-v1-Lapt-65-3,Laptop / Endpoint,"Since moving to hot-desking on the 3rd floor, my HP EliteBook's internal webcam flickers and then crashes Zoom within a minute; IT desk support asked me to log this for the laptop team to reimage or replace.",""
gen-v1-Lapt-87-0,Laptop / Endpoint,"The AnyConnect client on my Finance laptop crashes every time I try to log in, kicking me back to the desktop before authentication completes. I need the client reinstalled or repaired on the machine itself so I can access the month-end reporting shared drive.",""
gen-v1-Lapt-82-1,Laptop / Endpoint,"The laptop at receiving station 3 shut down twice this morning because it was too hot to touch near the vents. It's our only machine for logging inbound shipments, so every shutdown delays the dock schedule.",""
gen-v1-Lapt-74-1,Laptop / Endpoint,The warehouse scanning laptop keeps throwing 'low disk space' warnings; the C: drive is down to under 2 GB free and Windows updates keep failing. We're worried it will stop syncing with the inventory system during tomorrow's stock count.,""
gen-v1-Lapt-69-2,Laptop / Endpoint,"Legal team member reporting that both the webcam and mic on my company laptop fail with a 'device not detected' error, even after a reboot — I need this fixed before tomorrow's hearing prep.",""
gen-v1-Lapt-71-0,Laptop / Endpoint,"My laptop in the Operations office (2nd floor, desk O-214) has become painfully slow over the past week — it takes nearly 10 minutes to boot and freezes whenever I open Excel alongside Teams, which is making it hard to process daily shipment reports on time.",""
gen-v1-Lapt-81-3,Laptop / Endpoint,"The laptop assigned to me in the Logistics receiving bay shut down on its own twice this morning, and the bottom of the device was extremely hot to the touch. I lost unsaved updates to the inbound delivery schedule both times.",""
gen-v1-Lapt-74-3,Laptop / Endpoint,"Since Monday, my company laptop takes over ten minutes to boot and the hard drive is at 100% active time the whole morning. I'm in Logistics Coordination and can't access the TMS platform until nearly 10 AM, which is holding up carrier bookings.",""
gen-v1-Lapt-67-1,Laptop / Endpoint,"My laptop's internal microphone stopped picking up audio yesterday—callers in onboarding sessions say they can't hear me at all. External headsets work fine, so it seems to be the laptop hardware itself.",""
gen-v1-Lapt-90-4,Laptop / Endpoint,"One of our senior support engineers' laptop blue-screens whenever it's docked while powered on; undocking and rebooting works, but he loses his session and has to re-log into the ticketing system each time.",""
gen-v1-Lapt-80-3,Laptop / Endpoint,"My laptop's battery has started swelling and the trackpad is now raised and difficult to click; the device feels warm even when idle, so I've powered it off as a precaution and need a replacement unit.",""
gen-v1-Lapt-81-2,Laptop / Endpoint,My laptop gets uncomfortably hot within 30 minutes of use and the fan runs constantly at full speed. I'm worried it's a fire risk since it sits next to stacks of shipping paperwork at the Logistics dispatch desk.,""
gen-v1-Lapt-73-0,Laptop / Endpoint,"Engineering workstation in Building 3 has become painfully slow over the past week — builds that took 5 minutes now take 20, and the laptop freezes when more than two IDEs are open. Please check for memory or disk issues on the device.",""
